Employee_Name,EmpID,MarriedID,MaritalStatusID,GenderID,EmpStatusID,DeptID,PerfScoreID,FromDiversityJobFairID,Salary,Termd,PositionID,Position,State,Zip,DOB,Sex,MaritalDesc,CitizenDesc,HispanicLatino,RaceDesc,DateofHire,DateofTermination,TermReason,EmploymentStatus,Department,ManagerName,ManagerID,RecruitmentSource,PerformanceScore,EngagementSurvey,EmpSatisfaction,SpecialProjectsCount,LastPerformanceReview_Date,DaysLateLast30,Absences
"Costello, Frank",127,1,1,1,4,5,2,1,62564,1,22,Production Technician I,MA,14563,04/10/87,M ,Married,US Citizen,No,White,1/5/2015,12/12/2015,N/A-StillEmployed,Active,Production       ,Brannon Miller,12,LinkedIn,Needs Improvement,3.85,2,2,2/4/2019,3,2
"Gaul, Barbara",33,1,2,1,4,6,2,0,85528,1,17,IT Support,MA,40829,05/31/88,M ,Divorced,US Citizen,No,White,4/2/2012,8/19/2013,N/A-StillEmployed,Active,Sales,Lynn Daneault,21,Google Search,Fully Meets,4.77,4,2,1/2/2019,1,7
"Purinton, Janine",37,1,1,1,2,6,2,0,95178,0,7,Administrative Assistant,MA,32601,11/06/86,M ,Married,US Citizen,No,White,4/30/2012,,N/A-StillEmployed,Active,IT/IS,Lynn Daneault,21,LinkedIn,Fully Meets,2.71,2,3,2/12/2019,2,15
"Lundy, Susan",120,0,1,0,3,5,3,0,103523,1,21,Sr. Accountant,MA,21137,03/28/82,F,Single,US Citizen,Yes,White,7/8/2013,9/7/2015,N/A-StillEmployed,Voluntarily Terminated,Admin Offices,Brannon Miller,12,Employee Referral,Fully Meets,4.15,4,4,1/4/2019,0,8
"Engdahl, Jean",8,1,1,0,5,4,3,0,54719,1,22,Production Technician I,MA,7371,05/15/70,F,Single,US Citizen,Yes,Black or African American,5/16/2011,9/4/2014,medical issues,Voluntarily Terminated,Production       ,Kissy Sullivan,20,Employee Referral,Fully Meets,4.76,3,1,4/12/2018,2,5
"Carr, Claudia  N",49,1,1,0,4,4,3,0,55909,1,18,Production Technician I,MA,16585,11/24/87,F,Single,US Citizen,No,White,1/10/2011,6/8/2016,N/A-StillEmployed,Voluntarily Terminated,IT/IS,Kelley Spirea,18,Google Search,Fully Meets,4.96,4,1,1/31/2019,0,8
"Fernandes, Nilson  ",67,1,0,0,2,6,2,0,45831,0,28,Production Technician I,MA,9416,03/31/77,F,Single,US Citizen,No,White,1/7/2013,,N/A-StillEmployed,Active,Production       ,Michael Albert,22,Indeed,Fully Meets,4.31,5,0,5/4/2011,3,5
"Beak, Kimberly  ",162,0,1,1,2,5,3,0,107293,0,2,Production Technician II,MA,48546,07/20/83,M ,Married,US Citizen,No,White,2/16/2015,,N/A-StillEmployed,Voluntarily Terminated,Sales,Peter Monroe,7,LinkedIn,Fully Meets,3.83,5,3,1/30/2019,2,8
"Le, Binh",141,1,2,0,3,5,3,0,85351,0,21,Sr. Accountant,MA,20300,03/17/88,F,Married,US Citizen,No,Black or African American,4/2/2012,1/9/2014,N/A-StillEmployed,Active,Sales,Jennifer Zamora,5,Indeed,Fully Meets,4.2,4,5,4/2/2016,0,12
"Tejeda, Lenora ",50,0,0,1,4,5,3,0,61515,1,14,Production Technician I,MA,14868,08/10/81,M ,Single,US Citizen,No,White,1/5/2015,,N/A-StillEmployed,Active,Sales,Kelley Spirea,18,LinkedIn,Fully Meets,4.41,4,2,1/15/2019,1,7
"Bachiochi, Linda",99,0,2,1,1,2,2,0,150926,0,25,Enterprise Architect,MA,5457,09/09/65,M ,Separated,US Citizen,No,Black or African American,2/21/2011,,N/A-StillEmployed,Active,IT/IS,Janet King,2,LinkedIn,Fully Meets,4.07,3,3,2/25/2019,2,1
"Barone, Francesco  A",131,0,1,1,4,6,4,0,77981,1,23,Production Technician I,MA,18265,09/19/88,F,Married,US Citizen,No,White,2/21/2011,,Another position,Voluntarily Terminated,Production       ,Brannon Miller,12,Employee Referral,Fully Meets,4.66,4,0,2/1/2013,1,2
"Jeannite, Tayana",166,1,1,1,2,3,2,0,134311,0,16,Production Manager,MA,9408,10/22/75,M ,Married,US Citizen,No,White,6/10/2011,,N/A-StillEmployed,Active,Sales,Peter Monroe,7,Indeed,Fully Meets,4.63,4,3,1/17/2019,1,19
"Brown, Mia",191,1,0,0,4,5,3,0,67305,1,11,Production Technician II,MA,28581,06/14/87,F,Single,US Citizen,No,Black or African American,2/16/2015,,career change,Voluntarily Terminated,IT/IS,Elijiah Gray,16,Website,PIP,3.73,3,2,3/4/2013,2,19
"Wilber, Barry",181,0,3,0,3,2,3,0,58291,0,14,Production Technician I,MA,10284,07/30/83,F,Widowed,US Citizen,No,Asian,8/19/2013,,N/A-StillEmployed,Active,Production       ,Elijiah Gray,16,Indeed,Fully Meets,1.69,3,3,1/4/2015,2,18
"Saada, Adell",44,1,2,1,5,5,2,0,108519,1,19,Area Sales Manager,MA,3566,02/02/65,M ,Married,US Citizen,No,White,9/30/2013,2/22/2017,Another position,Voluntarily Terminated,Production       ,Kelley Spirea,18,Google Search,Fully Meets,3.23,4,2,4/18/2017,2,6
"Gross, Paula",92,1,2,0,3,2,2,0,139834,1,22,Principal Data Architect,MA,2858,09/04/83,F,Married,US Citizen,No,White,1/6/2014,9/26/2017,N/A-StillEmployed,Voluntarily Terminated,Production       ,Janet King,2,Indeed,Fully Meets,3.39,3,7,2/10/2013,1,19
"Wallace, Courtney  E",13,1,1,1,4,6,3,0,51979,1,14,Production Technician I,MA,19225,11/07/58,M ,Single,US Citizen,No,White,2/17/2014,9/25/2013,N/A-StillEmployed,Active,Production       ,Kissy Sullivan,20,LinkedIn,Fully Meets,4.21,2,0,4/2/2018,2,1
"Houlihan, Debra",182,0,0,0,4,5,3,1,76134,1,23,Production Technician I,MA,10433,11/11/89,F,Single,US Citizen,No,White,1/10/2011,2/22/2017,hours,Terminated for Cause,Production       ,Elijiah Gray,16,Employee Referral,Fully Meets,4.84,2,1,2/15/2015,2,5
"Cornett, Lisa ",43,1,1,1,4,5,3,0,104648,1,13,Production Technician I,MA,15215,04/14/55,M ,Married,US Citizen,No,Black or African American,7/8/2013,5/17/2016,N/A-StillEmployed,Voluntarily Terminated,Production       ,Kelley Spirea,18,Google Search,Fully Meets,4.37,4,1,2/12/2019,0,15
"Panjwani, Nina",133,0,1,0,4,3,2,1,74286,1,15,Production Manager,MA,15445,10/12/54,F,Married,US Citizen,No,White,5/11/2016,8/2/2014,N/A-StillEmployed,Active,Production       ,Brannon Miller,12,Google Search,Fully Meets,4.23,3,5,2/11/2019,2,11
"Carter, Michelle ",5,0,1,0,3,5,3,0,67037,1,10,Production Technician I,MA,26847,09/04/83,F,Married,US Citizen,No,White,1/10/2011,,N/A-StillEmployed,Voluntarily Terminated,Production       ,Kissy Sullivan,20,Indeed,Fully Meets,3.83,4,2,2/6/2019,2,4
"Robinson, Cherly",171,1,3,0,4,4,2,0,80874,1,15,Network Engineer,MA,21611,05/19/88,M ,Separated,US Citizen,No,White,3/30/2015,5/18/2016,N/A-StillEmployed,Voluntarily Terminated,IT/IS,Peter Monroe,7,CareerBuilder,Fully Meets,4.72,2,5,3/2/2013,1,14
"Faller, Megan ",155,1,2,1,4,4,3,0,90686,1,15,Software Engineer,MA,33764,04/15/88,M ,Married,US Citizen,No,Black or African American,8/15/2011,11/4/2015,N/A-StillEmployed,Active,Admin Offices,Jennifer Zamora,5,Google Search,Fully Meets,4.23,3,4,1/18/2019,1,16
"Stansfield, Norman",22,1,2,0,1,5,3,0,92213,0,14,Area Sales Manager,MA,31325,11/23/81,F,Divorced,US Citizen,No,Black or African American,1/6/2014,,N/A-StillEmployed,Active,IT/IS,Lynn Daneault,21,LinkedIn,Fully Meets,3.83,5,4,1/16/2019,0,18
"Cloninger, Jennifer",118,0,1,1,1,4,3,0,120190,0,21,Production Manager,MA,12722,10/18/81,F,Married,US Citizen,No,White,7/8/2013,,N/A-StillEmployed,Active,Sales,David Stanley,14,Diversity Job Fair,Fully Meets,4.01,3,5,2/21/2019,1,4
"Roup,Simon",197,1,3,0,5,3,3,1,80336,1,16,Production Technician I,MA,1322,01/04/84,F,Divorced,US Citizen,No,Black or African American,1/5/2009,9/15/2015,N/A-StillEmployed,Voluntarily Terminated,Production       ,Elijiah Gray,16,Diversity Job Fair,Fully Meets,3.93,5,4,2/6/2015,0,19
"Nguyen, Dheepa",134,0,1,1,4,5,3,0,62281,1,13,Area Sales Manager,MA,5698,12/31/84,M ,Divorced,US Citizen,No,White,11/11/2013,5/18/2016,medical issues,Terminated for Cause,Sales,Brannon Miller,12,LinkedIn,Fully Meets,4.35,4,3,2/24/2016,2,20
"Anderson, Linda  ",23,1,1,1,3,5,3,0,73994,1,14,Production Technician II,MA,30697,09/27/88,M ,Married,US Citizen,No,White,11/10/2014,5/17/2016,attendance,Voluntarily Terminated,Sales,Lynn Daneault,21,Indeed,Fully Meets,4.98,5,3,1/10/2015,0,4
"Singh, Nan ",105,1,1,0,4,6,3,0,85947,1,20,Database Administrator,MA,28318,08/16/84,F,Married,US Citizen,No,Black or African American,2/17/2014,9/6/2016,unhappy,Voluntarily Terminated,Production       ,David Stanley,14,LinkedIn,Fully Meets,2.69,3,1,1/2/2019,2,9
"Sullivan, Timothy",84,1,1,0,4,5,3,0,85855,1,14,Software Engineer,MA,15899,04/03/75,F,Married,US Citizen,No,White,9/6/2011,8/19/2018,Another position,Voluntarily Terminated,IT/IS,Janet King,2,Indeed,Exceeds,3.37,4,2,2/4/2019,2,19
"Newman, Richard ",107,0,0,0,3,6,2,0,66530,1,13,BI Developer,MA,27306,03/10/75,F,Single,US Citizen,Yes,White,5/16/2011,2/25/2018,N/A-StillEmployed,Voluntarily Terminated,Production       ,David Stanley,14,Employee Referral,Fully Meets,3.21,4,1,2/15/2015,2,10
"Stoica, Rick",129,0,0,0,3,3,3,0,65651,1,21,Production Technician I,MA,3292,02/02/65,F,Single,US Citizen,No,White,2/17/2014,,N/A-StillEmployed,Voluntarily Terminated,Production       ,Brannon Miller,12,Google Search,Exceeds,4.61,4,5,6/3/2013,2,4
"Trzeciak, Cybil",165,0,2,0,3,6,3,1,126695,0,17,IT Support,MA,34213,06/06/68,F,Divorced,US Citizen,No,White,6/5/2015,,N/A-StillEmployed,Active,Production       ,Peter Monroe,7,Google Search,Fully Meets,2.78,3,2,2/4/2019,0,10
"Linares, Marilyn ",116,0,0,0,4,5,4,1,110367,1,22,Area Sales Manager,MA,9867,05/27/73,M ,Single,US Citizen,No,Two or more races,2/16/2015,7/8/2017,unhappy,Voluntarily Terminated,Sales,David Stanley,14,Other,Fully Meets,3.3,4,2,7/14/2010,1,17
"Tredinnick, Neville ",180,1,2,0,4,6,3,0,80513,1,15,Area Sales Manager,MA,13849,01/31/87,F,Divorced,US Citizen,No,White,5/12/2014,6/25/2015,unhappy,Voluntarily Terminated,Production       ,Elijiah Gray,16,Diversity Job Fair,Fully Meets,3.32,3,0,5/15/2014,0,20
"King, Janet",83,0,1,0,4,4,4,1,70788,1,21,IT Manager - DB,MA,16348,12/09/86,F,Married,US Citizen,No,White,7/11/2011,6/4/2015,N/A-StillEmployed,Active,Sales,Janet King,2,LinkedIn,Fully Meets,1.43,4,3,1/15/2019,0,12
"Anderson, Carol ",66,0,1,0,5,6,3,0,65424,1,20,Production Technician I,MA,25697,02/18/83,F,Married,US Citizen,No,White,6/6/2016,10/31/2015,relocation out of area,Terminated for Cause,Production       ,Michael Albert,22,Google Search,Exceeds,3.18,5,0,7/2/2012,1,14
"Gosciminski, Phylicia  ",10,1,2,1,4,5,4,1,74678,1,17,Production Technician I,MA,9754,11/15/76,M ,Married,US Citizen,Yes,White,4/2/2012,9/25/2013,unhappy,Active,Production       ,Kissy Sullivan,20,Indeed,Fully Meets,4.81,4,1,1/24/2019,0,7
"Robertson, Peter",62,0,1,0,5,5,3,0,101882,1,26,Production Technician I,MA,6517,11/09/72,F,Married,US Citizen,No,White,1/10/2011,6/27/2015,Fatal attraction,Terminated for Cause,Production       ,Michael Albert,22,Indeed,Exceeds,3.52,4,0,9/2/2015,1,18
"Champaigne, Brian",154,1,1,0,1,5,4,1,110218,0,5,Sr. Network Engineer,MA,21382,12/22/70,F,Married,US Citizen,No,Asian,2/15/2012,,N/A-StillEmployed,Active,Software Engineering,Jennifer Zamora,5,LinkedIn,Fully Meets,3.81,3,4,2/25/2019,1,10
"Zima, Colleen",88,1,2,1,2,3,3,1,114633,0,14,Administrative Assistant,MA,22382,08/17/78,M ,Divorced,US Citizen,No,White,8/16/2012,,N/A-StillEmployed,Active,Sales,Janet King,2,LinkedIn,Fully Meets,4.77,3,2,3/2/2018,1,9
"Langton, Enrico",149,0,2,1,5,3,4,0,99887,1,11,Director of Operations,MA,15530,02/11/52,M ,Separated,US Citizen,No,White,7/8/2013,,maternity leave - did not return,Voluntarily Terminated,Sales,Jennifer Zamora,5,LinkedIn,Fully Meets,4.82,5,7,2/7/2019,0,8
"Driver, Elle",143,1,0,1,1,5,2,0,116186,0,13,IT Director,MA,14805,07/09/70,M ,Single,US Citizen,No,White,9/26/2011,,N/A-StillEmployed,Active,Admin Offices,Jennifer Zamora,5,LinkedIn,Fully Meets,4.45,5,5,1/14/2019,1,15
"McKinzie, Jac",138,0,0,1,3,4,3,1,52026,0,14,Production Technician I,MA,7759,10/26/81,M ,Single,US Citizen,No,White,4/4/2011,,N/A-StillEmployed,Active,Production       ,Brannon Miller,12,Employee Referral,Fully Meets,4.67,3,2,4/5/2013,0,6
"Huynh, Ming",12,1,2,0,4,5,3,0,64445,1,10,Production Technician I,MA,7102,11/07/74,M ,Married,US Citizen,No,White,7/7/2014,,N/A-StillEmployed,Active,Production       ,Kissy Sullivan,20,Diversity Job Fair,Fully Meets,3.71,5,0,2/15/2015,1,15
"Bernstein, Sean",169,0,0,0,2,4,3,0,154559,1,13,Senior BI Developer,MA,6104,06/06/86,F,Married,Eligible NonCitizen,No,White,5/13/2013,,N/A-StillEmployed,Voluntarily Terminated,Sales,Peter Monroe,7,Indeed,Fully Meets,3.12,4,6,1/7/2019,2,19
"Ozark, Travis",199,0,0,1,3,3,3,0,61990,1,17,Production Technician II,MA,13222,05/27/73,M ,Single,US Citizen,Yes,White,7/5/2015,9/26/2018,N/A-StillEmployed,Voluntarily Terminated,IT/IS,Elijiah Gray,16,LinkedIn,Fully Meets,2.79,3,3,7/2/2012,2,17
"Wallace, Theresa",174,1,1,0,2,4,2,0,106997,0,14,Software Engineer,MA,21971,10/30/63,M ,Single,US Citizen,No,White,1/7/2008,,N/A-StillEmployed,Active,Sales,Peter Monroe,7,Indeed,Exceeds,3.03,3,5,7/2/2013,3,12
"Cole, Spencer",72,1,3,0,5,5,4,0,82119,1,25,Production Technician II,MA,12738,07/09/70,M ,Divorced,US Citizen,No,White,9/29/2014,12/12/2015,unhappy,Voluntarily Terminated,Production       ,Michael Albert,22,LinkedIn,Fully Meets,4.93,3,1,2/15/2019,0,15
"Motlagh,  Dawn",42,0,0,0,3,5,2,0,58058,1,19,Production Technician I,MA,25498,03/26/73,M ,Single,US Citizen,Yes,White,7/5/2011,12/28/2017,N/A-StillEmployed,Active,Production       ,Kelley Spirea,18,Google Search,Fully Meets,4.95,4,2,1/11/2019,0,12
"Cockel, James",64,1,1,0,3,1,3,0,52745,1,28,Production Technician I,MA,1683,08/10/88,F,Married,US Citizen,No,Black or African American,7/8/2013,,N/A-StillEmployed,Active,Production       ,Michael Albert,22,Diversity Job Fair,Fully Meets,4.35,4,3,1/24/2019,0,20
"Dobrin, Denisa  S",3,0,0,1,1,5,3,0,48657,0,25,Production Technician I,MA,9513,08/28/63,M ,Single,US Citizen,No,White,2/21/2011,,N/A-StillEmployed,Active,Production       ,Kissy Sullivan,20,Google Search,Fully Meets,4.36,5,1,2/18/2019,1,3
"Eaton, Marianne",7,0,1,0,4,5,2,0,81904,0,18,Production Technician I,MA,4002,02/21/84,F,Single,US Citizen,No,White,7/2/2012,,N/A-StillEmployed,Active,Production       ,Kissy Sullivan,20,Indeed,Fully Meets,4.38,5,0,6/3/2013,1,3
"Goyal, Roxana",147,1,2,0,4,4,3,0,117188,1,8,Database Administrator,MA,10837,09/02/82,F,Divorced,US Citizen,No,White,2/21/2011,1/15/2016,career change,Terminated for Cause,Software Engineering,Jennifer Zamora,5,LinkedIn,Fully Meets,4.67,4,4,2/13/2018,0,13
"Del Bosque, Keyla",56,1,2,0,2,5,4,0,74246,1,21,Production Technician I,MA,5361,05/06/89,F,Married,US Citizen,No,White,3/30/2015,,N/A-StillEmployed,Voluntarily Terminated,Production       ,Kelley Spirea,18,Indeed,Fully Meets,3.69,4,2,2/15/2015,1,19
"Harrington, Christie ",71,1,1,0,2,5,2,0,46932,1,21,Production Technician I,MA,23949,10/01/81,F,Married,US Citizen,No,White,8/15/2011,,N/A-StillEmployed,Active,Production       ,Michael Albert,22,Indeed,Needs Improvement,4.36,5,0,1/10/2019,3,3
"Spirea, Kelley",4,1,1,0,4,3,4,0,80246,1,14,Production Technician II,MA,2498,05/09/74,F,Married,US Citizen,No,Black or African American,7/5/2011,,Another position,Voluntarily Terminated,Production       ,Kissy Sullivan,20,Google Search,Exceeds,4.96,4,3,2/2/2015,2,8
"Zima, Colleen",57,0,1,1,4,5,4,1,75365,1,15,Production Technician II,MA,23955,02/24/79,M ,Married,US Citizen,No,White,1/6/2014,1/26/2016,more money,Voluntarily Terminated,Production       ,Kelley Spirea,18,Indeed,Fully Meets,2.34,5,1,4/2/2016,1,20
"Zamora, Jennifer",26,1,4,1,5,5,3,0,101764,1,5,Production Manager,MA,16871,05/11/85,M ,Widowed,US Citizen,No,White,2/17/2014,4/8/2015,more money,Active,Production       ,Lynn Daneault,21,Employee Referral,Fully Meets,3.99,2,2,1/20/2015,1,8
"Dietrich, Jenna  ",189,1,0,1,2,5,3,0,88313,0,9,Production Technician I,MA,23211,06/18/92,M ,Single,US Citizen,No,Black or African American,6/27/2011,,N/A-StillEmployed,Active,Production       ,Elijiah Gray,16,Employee Referral,Exceeds,3.83,4,2,6/10/2016,2,16
"Sparks, Taylor  ",36,1,0,0,3,5,3,1,107930,1,8,Area Sales Manager,MA,32345,07/18/89,M ,Single,US Citizen,No,Black or African American,4/4/2011,,N/A-StillEmployed,Active,Sales,Lynn Daneault,21,LinkedIn,Exceeds,3.7,3,3,4/29/2016,2,15
"Liebig, Ketsia",198,1,3,1,4,5,4,1,102238,1,9,Production Technician II,MA,14665,12/31/84,M ,Separated,US Citizen,No,White,3/30/2015,11/30/2012,retiring,Voluntarily Terminated,Production       ,Elijiah Gray,16,CareerBuilder,Fully Meets,3.49,3,2,5/15/2014,1,17
"Dobrin, Denisa  S",15,1,2,0,5,4,3,0,57784,1,11,Production Technician I,MA,15460,05/14/87,F,Divorced,US Citizen,No,White,9/29/2014,,Another position,Voluntarily Terminated,Sales,Kissy Sullivan,20,Google Search,Fully Meets,4.82,4,2,1/24/2019,1,19
"Whittier, Scott",80,1,2,0,4,4,4,0,80943,1,4,Software Engineering Manager,MA,20067,05/09/65,F,Married,US Citizen,No,White,2/18/2013,4/1/2013,Another position,Voluntarily Terminated,Admin Offices,Janet King,2,CareerBuilder,Fully Meets,2.66,4,4,2/2/2015,1,17
"Peters, Lauren",123,0,1,1,5,3,2,1,83102,1,21,Production Technician I,MA,1512,03/28/82,M ,Married,US Citizen,No,White,10/27/2008,12/15/2015,performance,Voluntarily Terminated,Production       ,Brannon Miller,12,Website,Fully Meets,4.34,3,3,4/2/2015,1,4
"Martin, Sandra",38,1,0,1,3,5,2,0,105653,1,20,Sr. Network Engineer,MA,37348,01/07/85,M ,Single,US Citizen,No,White,1/10/2011,5/1/2018,N/A-StillEmployed,Voluntarily Terminated,IT/IS,Lynn Daneault,21,Employee Referral,Fully Meets,4.66,1,3,5/15/2012,2,9
"Moumanil, Maliki ",188,1,2,0,2,6,3,0,50386,0,7,Production Technician I,MA,25074,06/29/85,F,Divorced,US Citizen,No,White,7/8/2013,,N/A-StillEmployed,Active,Production       ,Elijiah Gray,16,Google Search,Fully Meets,1.68,3,2,1/29/2019,2,12
"Le, Binh",81,1,4,0,2,1,3,0,86686,0,20,BI Developer,MA,1467,12/08/73,F,Widowed,US Citizen,No,White,1/9/2012,,Another position,Active,Production       ,Janet King,2,Indeed,Fully Meets,3.61,1,8,2/15/2015,1,3
"Villanueva, Noah",106,0,1,1,4,5,2,0,123320,1,13,Area Sales Manager,MA,19457,07/20/68,F,Single,US Citizen,No,White,8/19/2013,,unhappy,Voluntarily Terminated,IT/IS,David Stanley,14,CareerBuilder,Fully Meets,4.18,4,2,8/16/2015,1,6
"Zamora, Jennifer",95,1,3,1,4,4,2,0,49212,1,15,Production Manager,MA,20178,07/11/89,M ,Separated,US Citizen,No,White,11/7/2011,2/8/2012,Another position,Voluntarily Terminated,Production       ,Janet King,2,Employee Referral,Exceeds,2.92,4,3,6/2/2014,2,7
"Corleone, Michael",82,0,0,1,2,4,3,0,97633,1,21,Production Manager,MA,9993,02/25/51,F,Single,US Citizen,No,White,7/7/2014,,attendance,Voluntarily Terminated,IT/IS,Janet King,2,Employee Referral,Fully Meets,4.15,4,2,2/22/2019,2,8
"Cornett, Lisa ",40,1,2,0,3,5,3,0,104684,0,19,Network Engineer,MA,19359,09/14/79,F,Married,US Citizen,No,White,1/10/2011,,N/A-StillEmployed,Active,Production       ,Kelley Spirea,18,Indeed,Fully Meets,3.43,4,3,1/10/2019,1,18
"Steans, Tyrone  ",90,0,0,0,4,5,3,0,95881,1,3,Network Engineer,MA,22229,08/07/86,F,Single,US Citizen,No,Black or African American,9/30/2013,8/13/2018,return to school,Voluntarily Terminated,IT/IS,Janet King,2,Indeed,Fully Meets,4.71,5,3,2/20/2013,2,19
"Purinton, Janine",52,0,0,1,2,6,3,0,94810,1,11,Production Technician I,MA,31194,09/30/75,M ,Single,US Citizen,No,Black or African American,3/30/2015,4/1/2013,N/A-StillEmployed,Terminated for Cause,Production       ,Kelley Spirea,18,LinkedIn,Fully Meets,4.76,5,4,1/7/2012,1,6
"Miller, Ned",139,1,2,1,4,3,3,0,150524,1,18,BI Developer,MA,2671,12/31/84,M ,Married,US Citizen,No,White,7/2/2012,12/12/2015,attendance,Terminated for Cause,IT/IS,Brannon Miller,12,LinkedIn,Fully Meets,4.33,3,3,2/4/2018,0,7
"Chigurh, Anton",194,0,1,0,4,3,3,0,48125,1,21,Production Technician I,MA,2859,08/24/83,F,Married,US Citizen,No,White,1/10/2011,5/14/2012,medical issues,Voluntarily Terminated,Production       ,Elijiah Gray,16,Google Search,Fully Meets,4.41,4,2,2/5/2019,1,12
"Landa, Hans",89,0,1,1,2,3,3,0,87485,1,16,BI Developer,MA,5114,09/11/72,M ,Single,US Citizen,No,Asian,1/6/2014,,N/A-StillEmployed,Voluntarily Terminated,Sales,Janet King,2,Diversity Job Fair,Fully Meets,4.68,3,6,5/6/2016,1,11
"Barton, Nader",121,1,1,0,4,5,4,0,85547,1,12,Database Administrator,MA,28481,08/31/81,M ,Single,US Citizen,No,White,7/8/2013,,Another position,Voluntarily Terminated,IT/IS,Brannon Miller,12,Diversity Job Fair,Exceeds,4.79,4,1,4/2/2016,2,8
"Barton, Nader",161,0,0,0,3,4,3,0,129435,1,13,Production Technician II,MA,16287,09/08/89,F,Single,US Citizen,No,White,2/17/2014,4/1/2013,N/A-StillEmployed,Voluntarily Terminated,IT/IS,Peter Monroe,7,Indeed,Needs Improvement,3.67,3,5,1/4/2019,3,8
"Nowlan, Kristie",110,0,0,0,4,5,4,0,81859,1,12,Production Technician I,MA,43526,04/23/86,F,Single,US Citizen,No,White,1/9/2012,6/16/2016,performance,Voluntarily Terminated,IT/IS,David Stanley,14,Employee Referral,Needs Improvement,4.8,3,3,1/19/2019,1,14
"Jeannite, Tayana",100,1,2,0,4,6,3,1,94647,1,10,Production Technician II,MA,30341,09/22/78,F,Married,US Citizen,No,White,8/18/2014,,N/A-StillEmployed,Active,IT/IS,David Stanley,14,CareerBuilder,Fully Meets,4.93,4,2,5/3/2012,0,6
"Chivukula, Enola",175,1,1,1,1,6,1,1,101556,0,9,Data Analyst,MA,54000,08/09/83,M ,Married,Eligible NonCitizen,No,White,4/2/2012,,N/A-StillEmployed,Active,Sales,Peter Monroe,7,LinkedIn,Exceeds,3.11,3,4,2/14/2019,3,10
"Hudson, Jane",60,1,2,1,3,5,3,0,99736,0,30,Production Technician I,MA,3331,08/25/89,M ,Married,US Citizen,No,White,4/4/2011,,N/A-StillEmployed,Active,Production       ,Michael Albert,22,Employee Referral,Fully Meets,4.99,4,1,1/21/2019,0,5
"Rivera, Haley  ",130,0,1,0,3,5,3,0,78608,1,16,Production Technician II,MA,19067,03/17/66,F,Married,US Citizen,No,Black or African American,7/7/2014,,N/A-StillEmployed,Voluntarily Terminated,Production       ,Brannon Miller,12,Indeed,Fully Meets,1.87,4,2,2/1/2013,0,4
"Del Bosque, Keyla",97,1,1,0,3,4,2,0,66891,0,10,BI Developer,MA,20561,02/25/51,F,Married,US Citizen,No,White,1/7/2013,6/15/2013,N/A-StillEmployed,Active,IT/IS,Janet King,2,Google Search,Fully Meets,2.63,3,6,1/18/2019,2,6
"Zamora, Jennifer",101,1,2,1,5,2,2,1,104673,1,14,Senior BI Developer,MA,18854,08/30/79,M ,Married,US Citizen,No,Black or African American,7/7/2014,1/26/2016,retiring,Voluntarily Terminated,Sales,David Stanley,14,Diversity Job Fair,Fully Meets,3.18,3,6,3/2/2016,2,5
"Handschiegl, Joanne",144,1,0,1,3,4,2,0,142297,1,15,Area Sales Manager,MA,9924,10/01/81,F,Single,US Citizen,No,Black or African American,5/14/2012,6/25/2015,attendance,Voluntarily Terminated,Sales,Jennifer Zamora,5,LinkedIn,Fully Meets,3.03,2,6,4/12/2018,3,16
"Perry, Shakira",29,0,1,0,3,6,4,0,122740,1,4,IT Director,MA,37062,04/14/81,M ,Single,US Citizen,No,Black or African American,1/6/2014,,N/A-StillEmployed,Voluntarily Terminated,IT/IS,Lynn Daneault,21,LinkedIn,Fully Meets,3.38,4,4,2/20/2014,0,8
"Hankard, Earnest",18,0,1,1,5,3,3,0,72803,1,26,Production Technician I,MA,1301,12/01/74,M ,Single,US Citizen,No,White,5/12/2014,9/4/2014,N/A-StillEmployed,Terminated for Cause,IT/IS,Kissy Sullivan,20,Website,Fully Meets,4.29,2,2,4/5/2013,2,8
"Bates, Norman",31,0,0,0,4,5,3,0,103492,0,24,Production Technician II,MA,14776,07/10/83,F,Single,US Citizen,No,White,7/11/2011,,N/A-StillEmployed,Active,IT/IS,Lynn Daneault,21,Google Search,Fully Meets,3.6,3,3,2/21/2019,1,10
"Akinkuolie, Sarah",172,1,1,1,1,6,2,0,69625,0,13,Production Manager,MA,22616,07/07/84,F,Married,US Citizen,No,White,2/20/2012,,N/A-StillEmployed,Active,Sales,Peter Monroe,7,Google Search,Fully Meets,1.84,4,3,1/14/2019,2,13
"Shields, Seffi",17,1,0,0,5,6,3,0,49267,1,15,Production Technician I,MA,39983,05/11/90,F,Single,US Citizen,No,White,3/30/2015,9/5/2016,relocation out of area,Terminated for Cause,Production       ,Kissy Sullivan,20,Diversity Job Fair,Fully Meets,2.44,4,1,7/14/2010,1,16
"Shepard, Anita ",93,1,1,0,1,6,3,0,71046,0,4,Production Manager,MA,34881,07/03/72,F,Married,US Citizen,No,White,10/26/2009,,N/A-StillEmployed,Active,IT/IS,Janet King,2,CareerBuilder,Exceeds,3.09,2,1,1/21/2019,2,4
"Tippett, Jeanette",6,0,1,0,4,4,3,1,66579,1,19,Production Technician I,MA,3597,02/09/83,F,Married,US Citizen,No,White,8/19/2013,9/23/2016,N/A-StillEmployed,Voluntarily Terminated,Production       ,Kissy Sullivan,20,Indeed,Exceeds,2.33,3,0,2/11/2019,2,8
"Garcia, Raul",21,1,2,1,4,5,2,0,74813,1,7,Administrative Assistant,MA,24073,08/27/72,M ,Divorced,US Citizen,No,White,7/7/2014,11/15/2016,unhappy,Voluntarily Terminated,Sales,Lynn Daneault,21,Google Search,Fully Meets,4.03,4,6,6/10/2016,2,12
"Chace, Beatrice ",87,1,0,1,1,2,3,0,62958,0,9,Production Technician II,MA,14303,07/07/75,M ,Single,US Citizen,No,White,8/13/2012,,N/A-StillEmployed,Active,Admin Offices,Janet King,2,Indeed,Fully Meets,4.71,4,4,1/21/2019,0,10
"Monroe, Peter",173,1,2,1,2,5,3,0,119160,0,7,Senior BI Developer,MA,19308,09/14/88,M ,Divorced,US Citizen,No,White,9/30/2013,,N/A-StillEmployed,Voluntarily Terminated,Software Engineering,Peter Monroe,7,Diversity Job Fair,Fully Meets,4.94,3,5,1/14/2019,1,20
"Roper, Katie",24,1,2,1,4,6,2,0,54319,1,3,Production Technician I,MA,26166,03/17/88,M ,Married,US Citizen,No,White,1/5/2015,12/28/2017,career change,Active,Production       ,Lynn Daneault,21,CareerBuilder,Exceeds,3.45,2,2,2/10/2013,2,5
"Trang, Mei",124,0,1,0,3,3,4,1,56821,1,20,Production Technician I,MA,2154,09/22/70,M ,Married,US Citizen,No,White,9/5/2012,,N/A-StillEmployed,Active,Production       ,Brannon Miller,12,CareerBuilder,Exceeds,4.36,4,1,1/18/2019,1,6
"Wang, Charlie",153,0,2,0,2,6,2,0,118281,0,3,Sr. DBA,MA,37206,10/24/87,F,Married,US Citizen,Yes,Black or African American,9/30/2013,,N/A-StillEmployed,Active,Sales,Jennifer Zamora,5,Employee Referral,Fully Meets,4.05,4,4,2/26/2019,1,10
"Saada, Adell",79,0,0,0,5,5,3,0,75594,1,29,Production Technician I,MA,5929,07/03/72,M ,Single,US Citizen,No,White,1/9/2012,6/24/2013,return to school,Voluntarily Terminated,Production       ,Michael Albert,22,Google Search,Fully Meets,4.04,4,1,1/19/2016,1,14
"Peters, Lauren",32,0,0,1,3,6,3,0,126827,1,17,IT Manager - Infra,MA,16181,09/05/84,M ,Single,US Citizen,No,White,5/16/2011,,N/A-StillEmployed,Active,IT/IS,Lynn Daneault,21,LinkedIn,Fully Meets,4.36,4,6,1/10/2019,1,13
"Galia, Lisa",140,1,2,0,1,4,3,0,78062,0,8,Sr. DBA,MA,37912,09/23/73,F,Married,US Citizen,No,Black or African American,9/26/2011,,N/A-StillEmployed,Active,IT/IS,Jennifer Zamora,5,Indeed,Exceeds,4.99,3,5,2/22/2019,2,17
"Girifalco, Evelyn",58,0,1,0,4,4,2,0,75351,1,21,Production Technician I,MA,7074,03/16/81,F,Married,US Citizen,No,White,7/2/2012,9/26/2017,N/A-StillEmployed,Voluntarily Terminated,IT/IS,Kelley Spirea,18,Employee Referral,Fully Meets,4.78,4,5,2/4/2019,2,8
"Sewkumar, Nori",122,0,2,1,4,5,2,0,50107,1,7,Production Technician I,MA,20327,08/25/82,F,Married,US Citizen,No,White,5/16/2011,2/21/2016,more money,Active,Production       ,Brannon Miller,12,Google Search,Fully Meets,2.58,4,2,1/2/2012,3,13
"True, Edward",73,0,1,1,2,6,2,0,50143,0,14,Production Technician I,MA,23867,02/10/76,F,Married,US Citizen,No,White,7/11/2011,,N/A-StillEmployed,Active,Production       ,Michael Albert,22,CareerBuilder,Fully Meets,4.75,4,0,4/12/2018,4,8
"Champaigne, Brian",179,1,1,1,4,6,3,1,109991,1,9,Area Sales Manager,MA,39753,02/25/51,F,Single,US Citizen,Yes,Black or African American,1/6/2014,9/7/2015,N/A-StillEmployed,Voluntarily Terminated,Sales,Peter Monroe,7,LinkedIn,Exceeds,3.52,3,2,1/3/2019,2,10
"Becker, Renee",112,1,1,0,2,5,4,0,95440,0,15,Production Manager,MA,19579,05/31/88,F,Single,US Citizen,No,White,3/30/2015,,N/A-StillEmployed,Voluntarily Terminated,IT/IS,David Stanley,14,LinkedIn,Fully Meets,3.79,4,4,2/25/2019,0,18
"Cockel, James",132,0,0,1,1,3,2,0,63574,0,14,Production Technician I,MA,11093,07/04/88,M ,Single,US Citizen,No,White,11/11/2013,,N/A-StillEmployed,Active,IT/IS,Brannon Miller,12,Google Search,Fully Meets,3.99,4,2,1/30/2019,2,19
"Vega, Vincent",150,1,1,0,2,6,2,0,78470,0,10,Production Technician II,TX,41244,08/07/86,F,Married,US Citizen,No,Black or African American,6/30/2016,,N/A-StillEmployed,Active,Production       ,Jennifer Zamora,5,Employee Referral,Fully Meets,4.78,3,1,2/22/2019,2,11
"Ren, Kylo",151,0,1,0,3,4,3,0,119796,1,18,Sales Manager,MA,21371,11/07/87,F,Single,US Citizen,No,White,1/7/2013,,N/A-StillEmployed,Voluntarily Terminated,IT/IS,Jennifer Zamora,5,Employee Referral,Fully Meets,4.38,5,5,2/13/2019,0,8
"Pham, Hong",193,0,1,0,3,6,2,0,54418,1,17,Production Technician I,MA,15684,05/01/79,F,Married,US Citizen,No,White,5/16/2011,6/4/2018,relocation out of area,Voluntarily Terminated,Production       ,Elijiah Gray,16,Indeed,Fully Meets,4.62,4,0,3/1/2015,2,8
"Cole, Spencer",170,0,0,0,2,4,3,0,127129,0,24,Area Sales Manager,MA,4690,10/18/81,M ,Single,US Citizen,No,Black or African American,10/2/2016,,N/A-StillEmployed,Active,Production       ,Peter Monroe,7,LinkedIn,Fully Meets,3.93,4,3,1/17/2019,1,14
"Carthy, B'rigit",164,0,2,1,3,5,3,0,91841,1,6,Area Sales Manager,MA,23673,05/14/87,M ,Divorced,US Citizen,No,White,3/5/2012,,N/A-StillEmployed,Voluntarily Terminated,Production       ,Peter Monroe,7,Employee Referral,Fully Meets,3.7,5,4,4/2/2018,1,6
"Szabo, Andrew",54,0,2,0,3,5,3,0,91539,1,9,Production Technician I,MA,11351,10/10/68,F,Separated,US Citizen,No,White,5/12/2014,8/19/2018,N/A-StillEmployed,Voluntarily Terminated,Production       ,Kelley Spirea,18,LinkedIn,Fully Meets,4.77,4,1,2/12/2019,0,18
"Corleone, Michael",75,0,1,0,4,4,3,0,55103,1,20,Production Technician I,MA,1734,07/18/88,F,Married,US Citizen,No,Black or African American,7/8/2013,2/4/2013,N/A-StillEmployed,Voluntarily Terminated,Production       ,Michael Albert,22,Google Search,Fully Meets,4.3,2,1,1/24/2019,2,5
"Roup,Simon",2,1,4,0,3,5,2,0,64847,1,24,Production Technician I,MA,19206,01/07/74,F,Widowed,US Citizen,No,White,1/6/2014,8/2/2014,N/A-StillEmployed,Voluntarily Terminated,Production       ,Kissy Sullivan,20,Diversity Job Fair,Fully Meets,4.7,1,1,2/12/2019,3,11
"Athwal, Sam",176,0,1,0,4,4,4,0,129222,1,18,Data Analyst ,MA,26486,07/15/77,M ,Divorced,US Citizen,No,White,11/11/2013,,hours,Voluntarily Terminated,Sales,Peter Monroe,7,LinkedIn,Fully Meets,3.5,5,8,1/22/2019,0,14
"Petrowsky, Thelma",20,0,0,0,3,5,3,0,57116,0,22,Production Technician II,MA,16565,08/25/76,F,Single,US Citizen,No,White,4/2/2012,,career change,Active,IT/IS,Lynn Daneault,21,Indeed,Fully Meets,3.07,5,1,1/22/2019,1,16
"Robinson, Elias",128,0,0,0,4,6,2,0,73035,1,12,Production Technician I,MA,19019,01/18/52,F,Single,US Citizen,No,White,1/10/2011,2/19/2016,more money,Voluntarily Terminated,Production       ,Brannon Miller,12,Employee Referral,Fully Meets,4.32,3,0,1/6/2012,2,19
"Lecter, Hannibal",14,0,0,1,4,2,4,0,137032,1,22,BI Developer,MA,6866,03/10/79,M ,Single,US Citizen,No,Black or African American,8/19/2013,4/1/2013,unhappy,Voluntarily Terminated,Production       ,Kissy Sullivan,20,LinkedIn,Fully Meets,4.88,4,6,7/2/2018,0,20
"Handschiegl, Joanne",51,1,2,0,3,4,2,0,67868,0,9,Production Technician II,MA,8866,09/05/85,F,Married,US Citizen,No,White,4/4/2011,,N/A-StillEmployed,Active,IT/IS,Kelley Spirea,18,Google Search,Fully Meets,3.48,4,4,1/18/2019,1,11
"Potts, Xana",146,0,0,0,3,4,3,0,83193,1,14,Principal Data Architect,MA,32040,05/01/79,M ,Single,US Citizen,No,White,3/31/2014,,career change,Voluntarily Terminated,Admin Offices,Jennifer Zamora,5,Indeed,Fully Meets,2.74,4,5,2/8/2019,2,5
"Darson, Jene'ya ",27,0,1,0,5,4,2,0,81720,1,6,Area Sales Manager,MA,32310,07/15/77,M ,Married,US Citizen,No,Black or African American,4/2/2012,1/7/2013,retiring,Terminated for Cause,Sales,Lynn Daneault,21,Google Search,Fully Meets,3.83,5,5,3/2/2015,2,9
"Moran, Patrick",104,1,1,1,5,5,3,0,91439,1,12,Production Technician II,MA,27207,01/07/87,M ,Single,US Citizen,No,Black or African American,9/30/2014,8/4/2017,unhappy,Voluntarily Terminated,Sales,David Stanley,14,Google Search,Fully Meets,3.57,5,2,2/1/2015,1,10
"Goyal, Roxana",59,0,2,0,5,5,2,0,106919,1,18,Data Analyst,MA,12385,04/04/79,F,Married,US Citizen,No,White,1/5/2015,1/11/2014,maternity leave - did not return,Terminated for Cause,Production       ,Kelley Spirea,18,LinkedIn,Fully Meets,3.07,5,1,2/5/2016,2,17
"Corleone, Michael",178,1,3,1,5,2,4,1,98005,1,12,Software Engineer,MA,4136,04/13/64,M ,Divorced,US Citizen,No,White,11/7/2011,8/19/2013,retiring,Terminated for Cause,IT/IS,Peter Monroe,7,Employee Referral,Exceeds,4.76,3,4,3/2/2015,2,20
"Jeannite, Tayana",53,1,2,0,5,3,2,0,52890,1,16,Production Technician I,MA,2788,05/19/82,F,Divorced,US Citizen,No,Black or African American,9/30/2013,4/8/2015,military,Terminated for Cause,Production       ,Kelley Spirea,18,Diversity Job Fair,Fully Meets,2.88,3,1,7/14/2010,1,18
"Fitzpatrick, Michael  J",25,1,2,1,4,5,3,0,134194,1,20,Area Sales Manager,MA,36142,08/26/86,M ,Married,US Citizen,No,Asian,5/14/2012,,career change,Voluntarily Terminated,Sales,Lynn Daneault,21,Indeed,Fully Meets,3.26,5,3,3/2/2018,1,18
"Rivera, Haley  ",39,1,1,1,1,6,2,0,58936,0,9,Production Technician II,MA,37809,05/27/73,M ,Married,US Citizen,No,White,7/8/2013,,N/A-StillEmployed,Active,IT/IS,Lynn Daneault,21,Indeed,Fully Meets,4.7,5,3,1/7/2019,1,17
"Williams, Jacquelyn  ",163,0,2,0,2,5,2,0,86559,1,24,Area Sales Manager,MA,16800,11/14/55,M ,Divorced,US Citizen,Yes,White,7/8/2013,,N/A-StillEmployed,Voluntarily Terminated,IT/IS,Peter Monroe,7,Employee Referral,Fully Meets,4.66,4,5,1/16/2019,2,2
"Carr, Claudia  N",63,1,2,1,5,6,4,0,102266,1,19,Production Technician I,MA,17259,07/11/81,F,Married,US Citizen,No,Black or African American,9/30/2014,7/30/2018,attendance,Active,Production       ,Michael Albert,22,Indeed,Fully Meets,2.48,4,0,2/4/2018,1,7
"Thibaud, Kenneth",157,1,2,1,3,5,2,0,77433,1,5,IT Director,MA,37226,01/15/68,M ,Divorced,US Citizen,No,Black or African American,9/30/2013,3/15/2015,unhappy,Voluntarily Terminated,Sales,Jennifer Zamora,5,Website,Fully Meets,1.74,4,5,2/15/2012,2,13
"Pham, Hong",142,0,1,0,2,5,3,0,119295,0,5,President & CEO,MA,45769,03/11/84,F,Married,US Citizen,No,White,2/20/2012,,N/A-StillEmployed,Active,Software Engineering,Jennifer Zamora,5,Google Search,Fully Meets,3.6,4,5,3/30/2015,0,8
"O'hare, Lynn",76,1,3,0,5,5,2,0,89867,1,13,Production Technician II,MA,17937,05/30/68,F,Divorced,US Citizen,No,Black or African American,6/2/2015,7/30/2018,hours,Voluntarily Terminated,Production       ,Michael Albert,22,LinkedIn,Fully Meets,3.18,5,1,5/13/2014,2,3
"Chan, Lin",108,0,1,1,4,4,3,1,95393,1,10,Area Sales Manager,MA,14683,10/01/90,M ,Married,US Citizen,No,White,2/16/2015,11/30/2012,maternity leave - did not return,Voluntarily Terminated,IT/IS,David Stanley,14,Google Search,Exceeds,4.38,3,3,1/14/2013,2,14
"Nowlan, Kristie",102,0,0,0,3,5,3,1,104981,1,10,Production Technician II,MA,34939,12/21/74,F,Single,US Citizen,Yes,White,5/13/2013,8/2/2014,Another position,Voluntarily Terminated,Software Engineering,David Stanley,14,LinkedIn,Exceeds,4.2,4,4,2/1/2013,1,12
"Jacobi, Hannah  ",186,0,1,0,4,4,4,0,61071,1,13,Production Technician II,MA,17043,02/09/83,F,Single,US Citizen,No,White,1/10/2011,9/12/2015,N/A-StillEmployed,Voluntarily Terminated,Production       ,Elijiah Gray,16,CareerBuilder,Fully Meets,4.48,4,2,1/24/2019,0,8
"Dolan, Linda",167,1,1,1,1,4,2,0,146681,0,11,Sr. Accountant,MA,11482,05/21/83,M ,Married,US Citizen,No,White,3/30/2015,,N/A-StillEmployed,Active,Software Engineering,Peter Monroe,7,Indeed,Fully Meets,2.32,5,5,1/28/2019,2,2
"Dunne, Amy",69,1,1,0,4,6,3,0,47815,1,23,Production Technician I,MA,12416,11/08/83,F,Married,US Citizen,No,Black or African American,1/10/2011,8/13/2018,N/A-StillEmployed,Voluntarily Terminated,Production       ,Michael Albert,22,Indeed,Fully Meets,2.67,4,0,2/7/2019,1,5
"Driver, Elle",28,1,1,1,3,5,3,0,60188,1,14,Network Engineer,MA,28521,04/14/55,M ,Single,US Citizen,No,White,11/7/2011,,N/A-StillEmployed,Active,Sales,Lynn Daneault,21,Indeed,Fully Meets,3.0,4,5,2/1/2016,2,16
"Zhou, Julia",70,1,2,1,4,3,2,1,50300,1,22,Production Technician I,MA,3517,05/04/82,M ,Married,US Citizen,No,White,3/30/2015,9/25/2013,unhappy,Voluntarily Terminated,Production       ,Michael Albert,22,Indeed,Fully Meets,4.81,4,2,1/18/2019,2,17
"Monroe, Peter",135,1,3,1,4,5,2,0,49436,1,22,Production Technician I,MA,4778,08/28/63,F,Divorced,US Citizen,No,White,7/7/2014,,more money,Active,IT/IS,Brannon Miller,12,Employee Referral,Fully Meets,3.66,5,2,2/1/2013,2,2
"Driver, Elle",185,0,1,0,2,5,2,1,101105,0,12,Production Technician II,MA,21180,10/31/77,M ,Single,US Citizen,No,Black or African American,5/2/2011,,N/A-StillEmployed,Active,Production       ,Elijiah Gray,16,Employee Referral,Exceeds,4.09,3,1,1/25/2019,3,9
"Le, Binh",96,1,2,1,2,4,3,0,151280,1,9,Data Analyst ,MA,11972,12/03/76,M ,Divorced,US Citizen,No,White,1/9/2012,,N/A-StillEmployed,Active,Admin Offices,Janet King,2,Google Search,Fully Meets,4.23,3,5,2/15/2015,1,16
"Brown, Mia",137,0,0,0,4,3,4,0,105911,1,21,IT Support,MA,4183,08/09/83,M ,Single,US Citizen,No,White,8/19/2013,,unhappy,Active,Production       ,Brannon Miller,12,Employee Referral,Fully Meets,4.38,3,6,4/5/2013,0,11
"Veera, Abdellah ",30,1,2,1,4,6,3,0,129363,1,20,Production Manager,MA,31465,05/09/65,M ,Married,US Citizen,No,Black or African American,5/12/2014,,N/A-StillEmployed,Voluntarily Terminated,Production       ,Lynn Daneault,21,LinkedIn,Fully Meets,4.19,5,2,2/22/2019,2,5
"Perry, Shakira",192,0,0,0,3,5,3,0,97053,0,14,Production Technician II,MA,5874,08/10/88,M ,Single,US Citizen,No,White,6/2/2015,,N/A-StillEmployed,Active,Production       ,Elijiah Gray,16,Indeed,Fully Meets,4.88,4,1,5/6/2016,0,18
"Rarrick, Quinn",145,0,1,1,3,3,4,0,135885,0,13,Data Architect,MA,5158,09/05/84,M ,Single,US Citizen,No,White,7/8/2013,,N/A-StillEmployed,Voluntarily Terminated,Software Engineering,Jennifer Zamora,5,Indeed,Fully Meets,4.92,4,7,4/5/2017,0,8
"Brown, Mia",119,1,3,0,2,5,4,0,60866,0,18,Production Technician I,MA,11489,09/27/88,F,Divorced,US Citizen,No,White,8/18/2014,,N/A-StillEmployed,Active,IT/IS,David Stanley,14,LinkedIn,Fully Meets,3.37,4,1,1/21/2019,0,2
"Burkett, Benjamin ",46,1,2,1,2,5,3,0,53675,0,12,Production Technician I,MA,23274,01/17/79,F,Divorced,US Citizen,No,Asian,7/8/2013,,N/A-StillEmployed,Active,Production       ,Kelley Spirea,18,LinkedIn,Fully Meets,3.92,3,1,2/13/2019,2,2
"Ybarra, Catherine ",85,1,0,1,2,5,2,0,129075,1,9,Data Architect,MA,50340,08/30/79,M ,Single,US Citizen,No,White,1/9/2012,,N/A-StillEmployed,Active,Sales,Janet King,2,CareerBuilder,Fully Meets,2.3,3,5,1/30/2013,2,6
"Givens, Myriam",74,0,2,0,4,4,4,0,84986,1,26,Production Technician I,MA,7590,10/08/70,F,Divorced,US Citizen,No,White,5/13/2013,5/18/2016,more money,Voluntarily Terminated,Production       ,Michael Albert,22,Indeed,Fully Meets,2.86,4,1,7/14/2010,2,16
"Delarge, Alex",125,0,1,1,3,5,3,0,50201,1,12,Production Technician I,MA,18145,09/22/89,M ,Married,US Citizen,No,White,6/2/2015,,N/A-StillEmployed,Active,Production       ,Brannon Miller,12,Employee Referral,Needs Improvement,3.56,4,1,1/22/2019,2,4
"Gentry, Mildred",41,1,0,0,3,6,2,1,48142,1,21,Production Technician I,MA,19070,06/01/64,F,Single,US Citizen,No,White,2/17/2014,11/4/2015,N/A-StillEmployed,Voluntarily Terminated,Production       ,Kelley Spirea,18,LinkedIn,Fully Meets,3.93,4,1,2/15/2019,1,5
"LaRotonda, William  ",190,0,1,0,4,6,3,0,53052,1,10,Production Technician II,MA,24658,04/25/70,F,Married,US Citizen,No,White,7/5/2011,4/1/2013,more money,Voluntarily Terminated,Production       ,Elijiah Gray,16,Employee Referral,Fully Meets,3.84,5,2,10/22/2011,1,6
"Carey, Michael  ",9,0,1,1,2,3,4,1,60045,1,16,Production Technician I,MA,3889,02/21/74,M ,Single,US Citizen,Yes,White,3/30/2015,,hours,Active,Production       ,Kissy Sullivan,20,Google Search,Fully Meets,4.29,4,1,2/15/2015,0,7
"Woodson, Jason",196,1,1,1,4,4,3,0,62153,1,22,Production Technician I,MA,3503,08/30/79,M ,Single,US Citizen,No,White,9/24/2012,9/25/2013,Another position,Active,Production       ,Elijiah Gray,16,Employee Referral,Fully Meets,3.28,5,2,4/5/2016,2,19
"Sutwell, Barbara",86,0,1,1,4,4,4,0,115054,1,21,Area Sales Manager,MA,15131,07/10/88,M ,Married,US Citizen,No,White,2/21/2011,6/18/2013,career change,Voluntarily Terminated,Production       ,Janet King,2,Diversity Job Fair,Fully Meets,3.94,4,5,3/10/2015,0,15
"Terry, Sharlene ",184,1,2,1,4,5,2,0,51349,1,15,Production Technician I,MA,6430,02/11/52,M ,Married,US Citizen,No,White,1/5/2015,2/4/2013,Another position,Active,Production       ,Elijiah Gray,16,LinkedIn,Fully Meets,3.47,2,1,4/18/2017,3,19
"Osturnka, Adeel",114,0,0,1,4,5,3,0,74927,1,8,Production Technician II,MA,29196,07/07/86,M ,Single,US Citizen,Yes,White,7/8/2013,5/1/2016,career change,Voluntarily Terminated,Sales,David Stanley,14,Diversity Job Fair,Fully Meets,4.2,3,3,1/25/2019,2,8
"Stansfield, Norman",55,1,1,0,4,4,4,0,48825,1,12,Production Technician II,MA,15765,01/31/87,F,Married,US Citizen,No,White,2/20/2012,2/19/2016,performance,Voluntarily Terminated,IT/IS,Kelley Spirea,18,Employee Referral,Fully Meets,4.71,4,3,5/15/2014,1,18
"Keatts, Kramer ",156,0,2,1,4,6,1,0,65505,1,8,BI Developer,MA,26418,07/30/64,M ,Divorced,US Citizen,No,White,2/21/2011,,Another position,Voluntarily Terminated,IT/IS,Jennifer Zamora,5,LinkedIn,Fully Meets,3.9,4,5,2/19/2019,3,5
"Wallace, Courtney  E",160,1,3,1,2,5,3,0,90022,0,8,IT Support,MA,36587,01/15/68,M ,Widowed,US Citizen,No,White,10/25/2010,,N/A-StillEmployed,Active,Production       ,Peter Monroe,7,Google Search,Fully Meets,4.34,3,3,2/26/2019,2,10
"Winthrop, Jordan  ",11,1,4,0,4,6,3,0,50635,1,19,Production Technician I,MA,23221,07/10/88,F,Widowed,US Citizen,No,White,9/29/2014,6/4/2018,N/A-StillEmployed,Active,Production       ,Kissy Sullivan,20,Website,Fully Meets,3.91,3,1,1/16/2016,0,12
"Ndzi, Horia",19,1,2,0,3,5,3,0,88155,1,22,Production Technician I,MA,8771,08/16/84,F,Married,US Citizen,No,White,5/12/2014,1/12/2017,N/A-StillEmployed,Voluntarily Terminated,Production       ,Kissy Sullivan,20,Employee Referral,Fully Meets,4.23,4,0,1/25/2019,0,19
"Potts, Xana",168,1,1,0,2,6,2,0,113999,0,8,Sr. Accountant,MA,34106,07/22/82,F,Single,US Citizen,No,White,8/15/2011,,N/A-StillEmployed,Active,IT/IS,Peter Monroe,7,LinkedIn,Fully Meets,3.57,3,3,1/30/2019,1,14
"Lajiri,  Jyoti",136,1,2,1,3,6,3,0,84432,1,13,Production Technician II,MA,27921,05/21/83,M ,Married,US Citizen,No,White,2/16/2015,9/26/2018,Another position,Voluntarily Terminated,IT/IS,Brannon Miller,12,LinkedIn,Fully Meets,4.11,4,2,1/30/2013,2,2
"Bachiochi, Linda",78,0,1,0,5,4,3,0,45475,1,28,Production Technician I,MA,2813,10/30/69,F,Married,US Citizen,No,White,9/30/2013,9/15/2015,unhappy,Voluntarily Terminated,Production       ,Michael Albert,22,LinkedIn,Fully Meets,4.17,4,0,1/29/2019,1,15
"Sullivan, Kissy ",195,1,2,0,4,3,3,0,55779,1,23,Production Technician I,MA,1454,05/09/77,F,Married,US Citizen,No,White,2/16/2015,8/13/2018,N/A-StillEmployed,Active,Production       ,Elijiah Gray,16,Google Search,Fully Meets,4.93,5,1,3/2/2015,0,10
"Wolk, Hang  T",35,0,1,1,5,5,2,0,56141,1,22,Software Engineer,MA,21982,05/04/82,M ,Married,US Citizen,Yes,Asian,3/30/2015,2/25/2018,attendance,Voluntarily Terminated,Production       ,Lynn Daneault,21,Indeed,Exceeds,2.43,4,2,1/19/2016,3,11
"Lunquist, Lisa",68,0,0,0,5,5,2,0,56935,1,15,Production Technician I,MA,2162,08/28/63,M ,Single,US Citizen,No,White,8/13/2012,11/30/2012,N/A-StillEmployed,Voluntarily Terminated,Production       ,Michael Albert,22,Indeed,Exceeds,3.84,4,0,2/15/2019,3,14
"Valentin,Jackie",159,1,1,0,2,4,2,0,75207,0,12,Senior BI Developer,MA,6570,03/17/88,F,Married,US Citizen,No,Black or African American,7/8/2013,,N/A-StillEmployed,Active,Sales,Jennifer Zamora,5,LinkedIn,Fully Meets,3.73,4,5,2/25/2019,1,16
"Saar-Beckles, Melinda",183,1,3,0,5,4,3,0,68509,1,20,Production Technician I,MA,1888,07/07/86,M ,Separated,US Citizen,No,Black or African American,1/6/2014,9/4/2014,relocation out of area,Voluntarily Terminated,Production       ,Elijiah Gray,16,LinkedIn,Fully Meets,3.3,4,1,1/2/2012,1,14
"Costello, Frank",77,0,1,0,5,5,4,0,113670,1,17,Production Technician II,MA,17588,06/30/89,F,Single,US Citizen,No,Black or African American,2/20/2012,5/14/2012,"no-call, no-show",Terminated for Cause,Production       ,Michael Albert,22,Employee Referral,Fully Meets,4.57,4,0,6/2/2014,0,9
"Peters, Lauren",48,0,0,0,4,5,3,0,78990,1,16,Production Technician I,MA,8784,08/25/76,F,Single,US Citizen,No,White,5/12/2014,1/26/2016,more money,Voluntarily Terminated,IT/IS,Kelley Spirea,18,LinkedIn,Fully Meets,4.58,4,2,2/13/2018,0,11
"Delarge, Alex",61,0,0,0,5,5,3,0,48380,1,21,Production Technician I,MA,7954,07/05/79,F,Married,US Citizen,No,White,7/7/2014,2/22/2017,Learned that he is a gangster,Terminated for Cause,Production       ,Michael Albert,22,Google Search,Fully Meets,3.4,4,1,1/19/2016,0,15
"McKinzie, Jac",94,1,2,0,4,3,2,0,127677,1,25,Administrative Assistant,MA,11791,08/10/81,M ,Married,US Citizen,No,White,7/21/2016,2/12/2016,career change,Voluntarily Terminated,IT/IS,Janet King,2,Employee Referral,Fully Meets,3.98,4,5,4/18/2017,2,10
"Roby, Lori ",111,1,2,1,2,6,3,0,56766,0,6,Production Technician I,MA,25476,12/05/74,M ,Married,US Citizen,No,White,2/16/2015,,N/A-StillEmployed,Active,IT/IS,David Stanley,14,Google Search,Fully Meets,4.46,5,2,1/27/2019,1,18
"Sparks, Taylor  ",113,1,2,1,2,5,2,0,67870,0,5,Production Technician I,VA,34405,12/21/74,F,Married,US Citizen,Yes,White,4/4/2011,,N/A-StillEmployed,Active,IT/IS,David Stanley,14,Indeed,Fully Meets,4.37,4,1,1/7/2019,0,16
"Saar-Beckles, Melinda",177,1,1,0,3,5,3,1,83860,1,18,Production Technician II,MA,35042,06/10/84,F,Married,US Citizen,No,White,3/30/2015,,N/A-StillEmployed,Active,IT/IS,Peter Monroe,7,Employee Referral,Fully Meets,1.2,4,2,2/11/2019,1,2
"Heitzman, Anthony",152,0,1,0,3,5,3,0,57178,1,14,Production Technician II,MA,10540,11/09/72,F,Single,US Citizen,No,White,9/29/2014,5/17/2016,unhappy,Active,Production       ,Jennifer Zamora,5,Google Search,Fully Meets,3.68,5,2,3/5/2015,2,9
"Tejeda, Lenora ",91,1,2,1,2,2,2,0,51318,0,10,Production Technician II,MA,7650,10/15/84,M ,Married,US Citizen,No,Black or African American,2/21/2011,,N/A-StillEmployed,Active,IT/IS,Janet King,2,Google Search,Fully Meets,2.19,3,6,2/25/2019,2,6
"Whittier, Scott",34,0,1,1,4,5,2,1,61321,1,6,Production Technician II,MA,30877,05/24/87,M ,Married,US Citizen,No,Black or African American,7/8/2013,9/26/2017,attendance,Voluntarily Terminated,Production       ,Lynn Daneault,21,Google Search,Fully Meets,4.6,4,2,2/12/2017,0,18
"Lynch, Lindsay",0,0,0,1,3,5,3,0,64291,1,15,Production Technician I,MA,6555,11/28/73,M ,Single,US Citizen,No,White,2/20/2012,3/15/2015,relocation out of area,Voluntarily Terminated,Production       ,Kissy Sullivan,20,Employee Referral,Fully Meets,4.99,4,1,3/5/2015,0,13
"Sewkumar, Nori",65,0,0,0,4,6,2,0,48700,1,24,Production Technician I,MA,16520,05/30/68,F,Married,US Citizen,No,White,8/13/2012,10/31/2015,career change,Voluntarily Terminated,Production       ,Michael Albert,22,LinkedIn,PIP,3.33,2,0,4/19/2014,5,9
"Rachael, Maggie",187,1,2,0,4,4,3,0,65983,1,20,Production Technician I,MA,15158,08/29/88,F,Divorced,US Citizen,No,White,5/14/2012,,attendance,Voluntarily Terminated,Production       ,Elijiah Gray,16,LinkedIn,Fully Meets,4.69,4,2,3/2/2017,1,10
"Lundy, Susan",117,1,1,1,4,4,3,0,106681,1,22,Area Sales Manager,MA,4207,12/03/76,M ,Married,US Citizen,No,Black or African American,1/10/2011,,N/A-StillEmployed,Voluntarily Terminated,IT/IS,David Stanley,14,Diversity Job Fair,Fully Meets,3.08,5,4,2/8/2019,1,2
"Gill, Whitney  ",126,1,1,1,3,5,3,0,74890,0,16,Production Technician II,MA,33207,12/08/73,M ,Married,US Citizen,No,White,3/30/2015,,N/A-StillEmployed,Active,Production       ,Brannon Miller,12,Employee Referral,Exceeds,4.89,4,2,2/15/2019,2,13
"Saada, Adell",1,1,1,0,3,6,4,0,50711,1,26,Production Technician I,MA,7159,06/19/61,F,Married,US Citizen,No,White,1/7/2013,5/25/2016,maternity leave - did not return,Voluntarily Terminated,Production       ,Kissy Sullivan,20,Employee Referral,Exceeds,4.64,4,0,2/26/2019,2,2
"Cross, Noah",158,0,1,0,3,6,3,0,78934,1,1,Data Architect,ID,53730,11/22/66,M ,Married,US Citizen,No,White,7/8/2013,9/19/2016,N/A-StillEmployed,Voluntarily Terminated,Admin Offices,Jennifer Zamora,5,LinkedIn,Fully Meets,2.77,5,4,1/21/2019,1,13
"Jhaveri, Sneha  ",16,0,0,1,4,5,4,0,99818,0,15,Production Technician I,MA,14870,07/24/86,F,Single,US Citizen,No,Black or African American,7/6/2016,,N/A-StillEmployed,Active,Production       ,Kissy Sullivan,20,LinkedIn,Fully Meets,2.91,4,1,2/22/2019,0,8
"Monroe, Peter",103,1,2,1,2,4,3,0,67958,0,25,Production Technician I,MA,7611,07/07/86,M ,Married,US Citizen,No,White,9/30/2013,,N/A-StillEmployed,Active,Production       ,David Stanley,14,Employee Referral,Fully Meets,3.49,3,4,2/1/2019,2,14
"Faller, Megan ",109,1,1,1,4,6,3,0,84613,1,14,Production Technician I,MA,14972,02/16/84,M ,Single,US Citizen,No,White,3/30/2015,4/7/2018,more money,Terminated for Cause,IT/IS,David Stanley,14,Indeed,Fully Meets,4.63,5,3,4/2/2018,2,14
"Tippett, Jeanette",98,0,1,0,3,6,4,0,80339,1,13,Sales Manager,MA,35614,03/28/78,F,Single,US Citizen,No,White,5/14/2012,5/1/2018,attendance,Voluntarily Terminated,IT/IS,Janet King,2,Indeed,Fully Meets,2.84,3,2,2/15/2019,1,5
"Liebig, Ketsia",47,0,1,0,4,4,3,0,57810,1,16,Production Technician I,MA,8396,02/12/79,M ,Married,US Citizen,No,White,1/5/2015,11/30/2012,Another position,Active,Production       ,Kelley Spirea,18,LinkedIn,Fully Meets,1.77,4,1,1/15/2017,1,3
"Ybarra, Catherine ",115,1,2,0,4,6,3,1,105795,1,8,Database Administrator,MA,28134,08/30/79,F,Married,US Citizen,No,Black or African American,1/6/2014,2/19/2016,relocation out of area,Voluntarily Terminated,Sales,David Stanley,14,Employee Referral,Fully Meets,1.8,2,1,1/10/2015,2,8
"Shepard, Anita ",45,0,1,0,5,5,2,1,48999,1,4,Production Technician I,MA,20910,03/15/85,F,Married,US Citizen,No,Black or African American,4/4/2011,9/1/2015,medical issues,Voluntarily Terminated,IT/IS,Kelley Spirea,18,Diversity Job Fair,Fully Meets,4.39,5,3,3/2/2016,1,7
"Jung, Judy  ",148,1,2,1,3,2,2,0,104476,0,14,Production Technician II,MA,6238,10/01/90,M ,Divorced,US Citizen,No,White,2/21/2011,,N/A-StillEmployed,Voluntarily Terminated,IT/IS,Jennifer Zamora,5,Google Search,Fully Meets,3.7,5,5,4/15/2015,1,3
